{
    "  1200 1600 brown 0.85": {
        "projection_type": "brown",
        "width": 1200,
        "height": 1600,
        "focal_x": 0.6968248488198009,
        "focal_y": 0.6968248488198009,
        "c_x": -6.273787431483484e-05,
        "c_y": -0.0024888681067577905,
        "k1": 0.011447763384897754,
        "k2": -0.010835674664287007,
        "p1": -0.0008556886396094386,
        "p2": -0.0003889091950930389,
        "k3": -0.020178116963806402
    }
}