{
    "  694 904 brown 0.85": {
        "projection_type": "brown",
        "width": 694,
        "height": 904,
        "focal_x": 0.85,
        "focal_y": 0.85,
        "c_x": 0.0,
        "c_y": 0.0,
        "k1": 0.0,
        "k2": 0.0,
        "p1": 0.0,
        "p2": 0.0,
        "k3": 0.0
    },
    "  753 690 brown 0.85": {
        "projection_type": "brown",
        "width": 753,
        "height": 690,
        "focal_x": 0.85,
        "focal_y": 0.85,
        "c_x": 0.0,
        "c_y": 0.0,
        "k1": 0.0,
        "k2": 0.0,
        "p1": 0.0,
        "p2": 0.0,
        "k3": 0.0
    },
    "  897 1121 brown 0.85": {
        "projection_type": "brown",
        "width": 897,
        "height": 1121,
        "focal_x": 0.85,
        "focal_y": 0.85,
        "c_x": 0.0,
        "c_y": 0.0,
        "k1": 0.0,
        "k2": 0.0,
        "p1": 0.0,
        "p2": 0.0,
        "k3": 0.0
    },
    "  952 1196 brown 0.85": {
        "projection_type": "brown",
        "width": 952,
        "height": 1196,
        "focal_x": 0.85,
        "focal_y": 0.85,
        "c_x": 0.0,
        "c_y": 0.0,
        "k1": 0.0,
        "k2": 0.0,
        "p1": 0.0,
        "p2": 0.0,
        "k3": 0.0
    },
    "  990 1121 brown 0.85": {
        "projection_type": "brown",
        "width": 990,
        "height": 1121,
        "focal_x": 0.85,
        "focal_y": 0.85,
        "c_x": 0.0,
        "c_y": 0.0,
        "k1": 0.0,
        "k2": 0.0,
        "p1": 0.0,
        "p2": 0.0,
        "k3": 0.0
    },
    "  810 956 brown 0.85": {
        "projection_type": "brown",
        "width": 810,
        "height": 956,
        "focal_x": 0.8499910056485682,
        "focal_y": 0.8499910056485682,
        "c_x": -0.00010465061534971546,
        "c_y": -0.00026047089640027113,
        "k1": -0.00027674042742926845,
        "k2": -0.00018720156724153872,
        "p1": 0.0040589380512907535,
        "p2": -0.0026412364037606178,
        "k3": -8.442530186823559e-05
    },
    "  1193 1002 brown 0.85": {
        "projection_type": "brown",
        "width": 1193,
        "height": 1002,
        "focal_x": 0.85,
        "focal_y": 0.85,
        "c_x": 0.0,
        "c_y": 0.0,
        "k1": 0.0,
        "k2": 0.0,
        "p1": 0.0,
        "p2": 0.0,
        "k3": 0.0
    },
    "  1600 872 brown 0.85": {
        "projection_type": "brown",
        "width": 1600,
        "height": 872,
        "focal_x": 0.85,
        "focal_y": 0.85,
        "c_x": 0.0,
        "c_y": 0.0,
        "k1": 0.0,
        "k2": 0.0,
        "p1": 0.0,
        "p2": 0.0,
        "k3": 0.0
    },
    "  879 1121 brown 0.85": {
        "projection_type": "brown",
        "width": 879,
        "height": 1121,
        "focal_x": 0.85,
        "focal_y": 0.85,
        "c_x": 0.0,
        "c_y": 0.0,
        "k1": 0.0,
        "k2": 0.0,
        "p1": 0.0,
        "p2": 0.0,
        "k3": 0.0
    },
    "  1599 995 brown 0.85": {
        "projection_type": "brown",
        "width": 1599,
        "height": 995,
        "focal_x": 0.85,
        "focal_y": 0.85,
        "c_x": 0.0,
        "c_y": 0.0,
        "k1": 0.0,
        "k2": 0.0,
        "p1": 0.0,
        "p2": 0.0,
        "k3": 0.0
    },
    "  851 1103 brown 0.85": {
        "projection_type": "brown",
        "width": 851,
        "height": 1103,
        "focal_x": 0.85,
        "focal_y": 0.85,
        "c_x": 0.0,
        "c_y": 0.0,
        "k1": 0.0,
        "k2": 0.0,
        "p1": 0.0,
        "p2": 0.0,
        "k3": 0.0
    },
    "  1376 740 brown 0.85": {
        "projection_type": "brown",
        "width": 1376,
        "height": 740,
        "focal_x": 0.85,
        "focal_y": 0.85,
        "c_x": 0.0,
        "c_y": 0.0,
        "k1": 0.0,
        "k2": 0.0,
        "p1": 0.0,
        "p2": 0.0,
        "k3": 0.0
    },
    "  1525 1004 brown 0.85": {
        "projection_type": "brown",
        "width": 1525,
        "height": 1004,
        "focal_x": 0.85,
        "focal_y": 0.85,
        "c_x": 0.0,
        "c_y": 0.0,
        "k1": 0.0,
        "k2": 0.0,
        "p1": 0.0,
        "p2": 0.0,
        "k3": 0.0
    },
    "  794 485 brown 0.85": {
        "projection_type": "brown",
        "width": 794,
        "height": 485,
        "focal_x": 0.8502317807585937,
        "focal_y": 0.8502317807585937,
        "c_x": -0.00032840928089667863,
        "c_y": 0.001517994522799693,
        "k1": 0.0004775036661498792,
        "k2": 0.00018022926091026728,
        "p1": -0.0015637720267854304,
        "p2": 0.0031405310343071645,
        "k3": 5.195453766813356e-05
    },
    "  1600 1183 brown 0.85": {
        "projection_type": "brown",
        "width": 1600,
        "height": 1183,
        "focal_x": 0.85,
        "focal_y": 0.85,
        "c_x": 0.0,
        "c_y": 0.0,
        "k1": 0.0,
        "k2": 0.0,
        "p1": 0.0,
        "p2": 0.0,
        "k3": 0.0
    },
    "  756 786 brown 0.85": {
        "projection_type": "brown",
        "width": 756,
        "height": 786,
        "focal_x": 0.85,
        "focal_y": 0.85,
        "c_x": 0.0,
        "c_y": 0.0,
        "k1": 0.0,
        "k2": 0.0,
        "p1": 0.0,
        "p2": 0.0,
        "k3": 0.0
    },
    "  746 652 brown 0.85": {
        "projection_type": "brown",
        "width": 746,
        "height": 652,
        "focal_x": 0.85,
        "focal_y": 0.85,
        "c_x": 0.0,
        "c_y": 0.0,
        "k1": 0.0,
        "k2": 0.0,
        "p1": 0.0,
        "p2": 0.0,
        "k3": 0.0
    },
    "  1577 1600 brown 0.85": {
        "projection_type": "brown",
        "width": 1577,
        "height": 1600,
        "focal_x": 0.85,
        "focal_y": 0.85,
        "c_x": 0.0,
        "c_y": 0.0,
        "k1": 0.0,
        "k2": 0.0,
        "p1": 0.0,
        "p2": 0.0,
        "k3": 0.0
    },
    "  842 1089 brown 0.85": {
        "projection_type": "brown",
        "width": 842,
        "height": 1089,
        "focal_x": 0.85,
        "focal_y": 0.85,
        "c_x": 0.0,
        "c_y": 0.0,
        "k1": 0.0,
        "k2": 0.0,
        "p1": 0.0,
        "p2": 0.0,
        "k3": 0.0
    },
    "  920 1600 brown 0.85": {
        "projection_type": "brown",
        "width": 920,
        "height": 1600,
        "focal_x": 0.85,
        "focal_y": 0.85,
        "c_x": 0.0,
        "c_y": 0.0,
        "k1": 0.0,
        "k2": 0.0,
        "p1": 0.0,
        "p2": 0.0,
        "k3": 0.0
    },
    "  1225 808 brown 0.85": {
        "projection_type": "brown",
        "width": 1225,
        "height": 808,
        "focal_x": 0.85,
        "focal_y": 0.85,
        "c_x": 0.0,
        "c_y": 0.0,
        "k1": 0.0,
        "k2": 0.0,
        "p1": 0.0,
        "p2": 0.0,
        "k3": 0.0
    },
    "  840 1121 brown 0.85": {
        "projection_type": "brown",
        "width": 840,
        "height": 1121,
        "focal_x": 0.85,
        "focal_y": 0.85,
        "c_x": 0.0,
        "c_y": 0.0,
        "k1": 0.0,
        "k2": 0.0,
        "p1": 0.0,
        "p2": 0.0,
        "k3": 0.0
    },
    "  1376 1600 brown 0.85": {
        "projection_type": "brown",
        "width": 1376,
        "height": 1600,
        "focal_x": 0.85,
        "focal_y": 0.85,
        "c_x": 0.0,
        "c_y": 0.0,
        "k1": 0.0,
        "k2": 0.0,
        "p1": 0.0,
        "p2": 0.0,
        "k3": 0.0
    },
    "  730 1121 brown 0.85": {
        "projection_type": "brown",
        "width": 730,
        "height": 1121,
        "focal_x": 0.85,
        "focal_y": 0.85,
        "c_x": 0.0,
        "c_y": 0.0,
        "k1": 0.0,
        "k2": 0.0,
        "p1": 0.0,
        "p2": 0.0,
        "k3": 0.0
    },
    "  863 863 brown 0.85": {
        "projection_type": "brown",
        "width": 863,
        "height": 863,
        "focal_x": 0.85,
        "focal_y": 0.85,
        "c_x": 0.0,
        "c_y": 0.0,
        "k1": 0.0,
        "k2": 0.0,
        "p1": 0.0,
        "p2": 0.0,
        "k3": 0.0
    }
}