{
    "  1600 1200 brown 0.85": {
        "projection_type": "brown",
        "width": 1600,
        "height": 1200,
        "focal_x": 0.7201038674862684,
        "focal_y": 0.7201038674862684,
        "c_x": 0.0017845957081130315,
        "c_y": 0.0012488647037291938,
        "k1": -0.013188852060562433,
        "k2": -0.0189856134719311,
        "p1": 0.00022930085398558927,
        "p2": -0.0006340971272570842,
        "k3": -0.012912676846652392
    },
    "  1200 1600 brown 0.85": {
        "projection_type": "brown",
        "width": 1200,
        "height": 1600,
        "focal_x": 0.7236923090694978,
        "focal_y": 0.7236923090694978,
        "c_x": -0.004797444939222702,
        "c_y": -0.003400494250829684,
        "k1": -0.015576080027776251,
        "k2": -0.014584171229706837,
        "p1": 0.000830425931396281,
        "p2": -0.0007292854302314251,
        "k3": -0.01025447460098516
    }
}